cooling_rate,adaptation_rate,block_param,reset_threshold,phi1,phi2,penalty_factor,t0_factor,best,worst,avg,stddev
0.999000,0.150000,0.400000,100,0.800000,0.700000,50.000000,0.200000,103262.000000,103573.000000,103386.700000,75.725887
0.999000,0.150000,0.400000,100,0.800000,0.700000,50.000000,0.200000,103084.000000,103218.000000,103145.750000,35.832771
0.999000,0.150000,0.400000,100,0.800000,0.700000,50.000000,0.200000,103112.000000,103198.000000,103149.100000,27.737880
