cooling_rate,adaptation_rate,block_param,reset_threshold,phi1,phi2,penalty_factor,t0_factor,best,worst,avg,stddev
0.999000,0.150000,0.400000,100,0.800000,0.700000,50.000000,0.200000,197622.000000,197763.000000,197677.300000,37.174050     có cả 2
0.999000,0.150000,0.400000,100,0.800000,0.700000,50.000000,0.200000,197556.000000,197748.000000,197666.250000,49.106899     có adaptive Reward
0.999000,0.150000,0.400000,100,0.800000,0.700000,50.000000,0.200000,197578.000000,197755.000000,197672.050000,54.318942     có adaptive Penalty
0.999000,0.150000,0.400000,100,0.800000,0.700000,50.000000,0.200000,197576.000000,197772.000000,197662.450000,46.696333     ko có gì
